{"cameraMode":{"drawMode":0,"name":"Shaded","section":"Shading Mode"},"sceneLighting":false,"audioPlay":false,"sceneViewState":{"m_AlwaysRefresh":false,"showFog":true,"showSkybox":false,"showFlares":true,"showImageEffects":true,"showParticleSystems":true,"showVisualEffectGraphs":true,"m_FxEnabled":true},"in2DMode":false,"pivot":{"x":-0.19068732857704163,"y":-0.5418890118598938,"z":3.780897378921509},"rotation":{"x":0.10872461646795273,"y":0.7830761671066284,"z":-0.14298968017101289,"w":0.5954224467277527},"size":1.1352567672729493,"orthographic":false}